cyclomatic_complexity,code_duplication,unused_variables,max_nesting,avg_function_length,long_functions,lines_of_code,functions,classes,label
4,0,5,3,15.7,1,382,3,8,1
3,4,3,1,4.5,1,124,16,0,1
18,1,5,6,39.5,3,117,14,4,1
1,6,6,2,39.3,2,147,4,3,1
11,0,0,4,8.0,2,314,8,0,1
15,4,0,4,7.1,2,326,19,5,1
19,1,5,1,5.4,1,400,9,1,1
8,6,0,4,17.5,2,88,11,5,1
7,5,2,6,51.7,0,316,20,2,1
18,5,1,2,27.0,2,332,22,8,1
8,5,2,7,43.0,0,122,1,5,1
13,2,0,2,50.5,4,372,10,3,1
16,3,5,4,10.4,1,131,23,8,1
18,2,5,5,25.3,4,209,11,3,1
5,4,3,1,42.3,0,83,20,2,1
14,4,0,4,22.8,3,275,8,8,1
1,5,5,1,38.4,4,389,8,5,1
4,2,3,2,26.6,2,261,24,2,1
17,0,6,6,18.5,4,316,6,2,1
12,6,1,5,52.6,4,5,19,5,1
16,0,0,3,48.7,2,127,1,3,1
19,0,0,6,28.3,0,394,17,2,1
5,5,3,5,11.6,4,315,13,3,1
18,6,5,6,13.5,2,209,21,5,1
15,4,3,1,15.9,0,178,0,8,1
8,4,1,1,6.7,0,122,2,0,0
11,0,4,2,17.5,3,114,17,2,1
19,4,3,2,43.8,3,102,3,1,1
14,2,3,4,27.3,0,349,20,1,1
2,3,5,3,44.6,0,132,6,3,1
18,3,1,4,12.5,3,132,2,7,1
18,0,0,6,55.0,0,52,24,3,1
6,3,3,4,14.1,3,35,5,6,1
1,3,2,7,43.8,2,221,22,8,1
16,1,1,3,14.3,0,301,23,8,1
2,5,2,1,5.6,3,262,16,2,1
2,4,0,7,12.7,4,39,21,3,1
13,0,4,2,33.1,0,322,2,6,1
19,4,4,3,51.6,1,347,22,5,1
8,2,3,2,37.9,2,239,10,1,1
1,3,4,5,54.8,0,280,6,8,1
9,1,2,1,48.7,2,150,5,7,1
18,5,2,5,54.2,4,9,21,8,1
10,5,0,2,16.8,0,385,17,2,1
9,2,4,2,40.3,1,356,20,4,1
17,3,2,7,5.6,3,146,1,0,1
11,6,1,6,53.9,1,384,14,8,1
14,4,0,1,6.9,1,284,1,5,1
19,4,1,4,9.6,2,191,25,0,1
12,1,5,2,37.7,2,291,13,2,1
8,6,1,7,45.2,3,17,5,5,1
14,6,5,7,41.2,1,141,5,1,1
13,6,0,7,27.5,1,240,11,4,1
8,1,0,6,13.0,2,147,2,4,1
12,5,4,4,38.3,4,174,0,1,1
9,1,4,3,5.0,4,227,11,5,1
14,4,4,1,23.0,4,102,8,0,1
14,0,4,7,31.0,1,191,13,1,1
11,4,2,6,47.1,2,264,9,6,1
11,3,5,3,31.8,1,220,21,6,1
6,4,4,3,24.1,0,160,9,3,1
14,6,4,5,37.0,3,231,14,3,1
17,3,6,7,41.3,0,150,16,5,1
3,6,6,2,38.0,1,106,4,0,1
2,1,3,5,47.2,0,238,13,3,1
13,3,3,2,10.7,0,389,24,1,1
14,1,1,7,52.8,4,242,1,8,1
8,6,0,4,9.9,3,346,16,8,1
20,2,6,4,34.9,4,223,17,7,1
6,5,6,4,26.4,1,331,8,8,1
16,5,1,3,25.9,2,125,8,5,1
11,4,0,2,10.8,3,360,4,3,1
3,3,3,3,31.2,3,36,6,6,1
13,6,4,6,4.0,4,199,15,0,1
12,2,6,4,47.4,3,280,23,8,1
20,1,3,2,17.2,3,19,12,5,1
13,5,1,7,27.3,1,323,17,0,1
13,4,4,6,4.4,3,74,14,2,1
2,2,3,3,14.0,2,177,24,6,1
9,6,6,4,16.1,0,245,0,8,1
2,2,1,6,6.6,0,391,0,3,1
7,6,0,5,10.9,1,247,21,1,1
19,1,3,6,16.3,2,90,19,1,1
6,2,0,5,4.3,2,299,21,6,1
13,5,1,1,33.8,1,57,22,4,1
20,6,0,7,54.2,0,182,17,6,1
12,0,4,6,20.7,3,255,3,6,1
12,5,6,4,39.8,3,95,23,8,1
9,4,6,5,43.3,3,228,23,4,1
11,6,1,7,51.6,2,235,7,7,1
19,4,5,4,20.5,3,171,5,7,1
7,2,6,3,20.7,4,364,8,8,1
1,4,1,1,15.6,3,255,17,3,1
16,5,5,4,26.3,0,52,9,3,1
13,5,1,3,37.5,2,247,17,8,1
12,3,5,5,20.2,3,143,9,4,1
8,0,5,2,19.4,4,395,22,2,1
7,1,5,4,17.4,4,394,16,4,1
4,6,1,3,14.8,1,159,0,8,1
5,2,0,1,31.8,1,331,24,7,1
4,6,0,5,17.8,3,230,10,2,1
2,2,6,4,8.9,0,210,15,1,1
19,5,5,1,10.9,4,160,2,3,1
4,4,6,4,34.5,4,120,24,8,1
13,3,3,3,47.7,3,161,18,0,1
20,5,0,7,13.8,1,140,21,1,1
6,1,1,5,6.9,0,214,14,7,0
10,0,1,3,39.8,3,41,21,3,1
9,6,6,6,33.7,1,222,3,8,1
8,5,1,3,46.0,0,35,5,4,1
20,5,6,5,50.9,3,68,14,4,1
13,2,4,5,28.7,0,311,1,6,1
11,4,2,1,7.7,4,305,0,4,1
19,0,6,7,12.1,4,338,14,4,1
6,4,3,6,45.3,0,245,11,6,1
11,2,5,1,47.6,2,215,22,7,1
10,5,3,7,42.5,0,237,2,5,1
9,2,0,7,24.0,4,5,21,8,1
15,3,0,2,30.0,4,392,15,7,1
2,1,2,5,9.8,2,229,22,7,1
4,0,5,5,44.6,1,164,17,0,1
18,3,0,2,54.6,0,241,3,2,1
16,5,2,5,39.7,3,252,15,3,1
15,4,1,4,12.9,4,265,23,2,1
3,2,6,7,47.4,2,264,8,0,1
10,5,2,7,33.5,3,81,14,8,1
16,2,2,5,42.7,3,238,10,3,1
8,4,3,2,47.5,3,27,10,7,1
13,3,5,7,45.7,1,258,1,2,1
17,4,2,7,8.2,3,56,16,7,1
1,5,1,4,48.3,1,43,15,4,1
11,4,5,4,36.8,2,350,17,6,1
11,5,5,7,28.4,4,23,19,1,1
8,5,5,3,54.9,0,227,3,1,1
15,1,5,3,50.0,0,171,25,0,1
10,2,2,4,10.6,4,215,18,2,1
6,1,0,5,48.3,4,354,7,7,1
19,1,1,4,36.2,3,135,21,0,1
15,2,5,5,11.2,3,181,18,4,1
14,5,2,4,47.0,1,201,15,1,1
8,3,4,3,32.9,2,16,21,6,1
9,0,4,7,38.7,0,315,23,7,1
10,6,6,2,34.6,2,117,20,3,1
20,2,5,7,40.5,1,326,3,0,1
10,6,3,1,33.1,1,51,9,5,1
14,1,1,2,43.9,2,276,16,4,1
6,2,6,4,53.3,2,387,10,1,1
15,0,1,7,53.3,3,290,11,1,1
13,0,2,5,9.4,2,349,23,4,1
19,3,6,6,51.9,0,350,7,7,1
1,4,4,3,50.6,1,336,2,7,1
10,5,3,1,10.3,0,160,15,1,1
4,1,4,2,23.2,2,348,23,8,1
14,4,5,6,11.0,3,340,3,7,1
20,3,2,1,38.9,1,232,14,3,1
12,0,5,3,31.3,2,36,12,4,1
7,0,6,7,26.6,1,333,20,0,1
2,6,2,2,54.4,4,110,2,8,1
7,4,1,7,48.2,2,80,25,0,1
9,6,1,2,31.1,1,61,21,0,1
5,0,2,7,44.0,4,170,0,2,1
9,0,1,6,24.9,0,386,2,7,1
15,6,2,5,33.9,3,262,7,0,1
17,2,3,6,53.1,0,250,12,6,1
4,3,5,4,6.8,0,169,19,2,1
3,1,2,5,35.9,4,369,10,6,1
20,4,2,4,29.3,3,55,25,1,1
18,5,6,2,25.4,1,216,10,7,1
13,3,5,1,19.3,2,345,8,5,1
5,5,3,1,7.7,0,52,13,1,1
12,6,1,5,6.1,4,292,10,1,1
14,2,6,6,51.9,3,374,1,4,1
20,2,2,1,33.1,1,84,21,7,1
8,6,0,3,47.0,2,63,24,4,1
19,1,6,4,46.9,4,319,21,8,1
1,4,5,7,39.1,0,97,8,4,1
11,2,0,2,48.2,4,341,12,1,1
5,5,5,1,7.8,4,115,12,6,1
15,2,1,3,19.2,2,295,19,1,1
2,1,1,7,35.1,0,144,14,6,1
16,4,3,4,17.2,4,63,11,6,1
4,2,5,6,33.8,4,346,9,0,1
8,3,4,1,3.4,2,113,24,2,1
9,2,2,1,3.4,3,94,4,6,1
18,5,1,5,32.1,2,41,12,0,1
14,0,3,1,47.8,4,224,18,6,1
14,2,0,4,4.1,2,92,25,7,1
12,0,3,7,8.5,3,306,12,8,1
3,3,6,3,41.8,1,175,24,2,1
3,4,5,1,30.6,1,183,11,2,1
8,0,1,3,13.3,4,83,24,1,0
6,6,5,4,27.1,4,394,18,7,1
19,5,5,5,19.8,2,82,14,1,1
16,3,5,3,44.4,4,33,11,8,1
3,2,3,4,5.0,2,151,2,1,1
20,4,4,4,27.1,4,383,1,7,1
19,5,1,3,34.5,4,82,1,7,1
4,6,6,3,54.1,0,263,20,2,1
2,1,5,4,54.5,4,272,19,2,1
12,2,2,4,24.3,2,352,19,0,1
11,0,2,1,32.0,3,150,8,2,1
11,0,4,6,10.4,2,163,20,6,1
5,4,5,1,19.1,3,334,25,5,1
5,5,5,7,52.2,4,52,20,6,1
17,2,0,3,19.1,1,179,24,7,1
7,1,1,2,7.0,0,264,24,8,0
17,0,5,3,48.6,4,72,19,6,1
5,1,1,7,39.0,4,89,23,7,1
2,3,2,6,40.4,3,317,9,7,1
8,4,1,3,53.2,3,104,11,7,1
15,6,2,7,22.9,4,219,5,3,1
20,1,6,3,5.7,3,195,17,1,1
17,6,0,3,7.4,1,144,14,8,1
5,6,3,1,52.2,1,235,11,0,1
14,0,3,5,22.4,3,46,11,3,1
1,2,0,7,40.2,2,79,4,0,1
10,6,3,6,46.2,3,234,19,0,1
3,0,2,2,46.4,4,377,19,8,1
14,0,6,3,15.4,0,29,7,6,1
20,3,0,1,46.5,3,310,17,0,1
17,4,1,6,10.5,3,5,19,5,1
8,4,3,2,37.5,0,273,11,1,1
17,4,4,7,54.4,4,15,12,7,1
2,5,3,3,16.2,0,187,25,1,1
12,1,5,6,35.7,4,381,24,5,1
5,0,2,5,20.6,1,355,14,7,1
6,6,1,1,40.2,3,23,9,3,1
2,6,1,1,19.4,2,268,12,8,1
16,2,0,7,36.6,2,187,24,0,1
11,2,0,7,22.1,3,385,14,6,1
11,1,3,6,28.9,4,141,25,1,1
14,0,3,5,54.7,1,284,9,5,1
4,0,2,6,18.4,3,313,22,6,1
6,5,3,3,26.3,2,319,13,4,1
2,0,5,6,24.1,4,388,21,2,1
1,1,6,5,38.3,3,22,4,1,1
8,6,5,3,21.8,4,21,19,2,1
15,2,2,4,42.7,4,75,16,5,1
13,2,5,3,16.0,0,18,23,2,1
16,4,3,5,9.1,2,365,14,3,1
20,2,5,4,13.4,1,42,14,2,1
15,0,6,6,53.3,2,346,11,1,1
18,4,2,3,47.3,1,190,16,3,1
4,1,6,2,15.3,3,18,11,8,1
19,2,3,7,54.1,1,318,2,1,1
10,3,5,6,27.9,3,398,13,1,1
5,2,5,1,26.4,4,181,4,8,1
19,1,6,2,25.5,0,68,16,2,1
10,1,1,3,51.6,1,182,16,4,1
3,2,1,6,52.7,2,69,20,4,1
20,4,0,5,36.3,4,302,4,2,1
20,5,4,3,46.8,4,26,0,1,1
2,5,6,5,16.8,1,397,18,6,1
20,5,0,4,49.2,4,153,20,4,1
16,1,6,7,38.6,2,237,2,0,1
6,3,3,4,27.2,2,315,4,5,1
11,5,6,3,53.7,1,394,11,8,1
18,0,2,2,27.3,2,235,7,2,1
4,0,2,4,47.9,3,132,5,5,1
19,5,2,2,42.7,3,268,14,7,1
10,3,0,1,52.2,4,239,7,3,1
19,2,0,1,17.6,4,339,21,7,1
10,4,0,7,8.6,1,140,23,5,1
13,2,0,4,5.7,4,104,11,8,1
10,0,3,5,26.4,4,148,19,1,1
5,0,3,3,44.3,2,290,11,2,1
7,4,4,4,29.0,0,24,4,5,1
16,4,3,2,34.5,4,76,10,5,1
6,3,4,6,46.8,4,177,16,8,1
18,3,5,5,18.6,0,193,10,1,1
14,4,2,7,49.7,0,310,15,4,1
19,4,1,6,5.7,3,92,16,6,1
5,6,5,2,4.6,0,102,0,7,1
11,3,1,4,38.9,3,261,24,7,1
2,5,1,5,13.8,2,344,15,8,1
13,2,1,4,50.4,2,284,11,4,1
20,3,1,2,17.5,2,120,9,4,1
7,5,5,4,19.5,2,291,25,4,1
10,0,4,6,31.2,3,181,24,2,1
10,0,2,6,7.1,3,340,8,7,1
7,1,6,5,17.1,4,361,8,2,1
4,4,5,5,15.4,0,347,16,3,1
8,0,0,4,20.2,3,56,21,2,1
1,4,1,4,37.0,3,249,20,3,1
10,2,2,6,6.1,0,338,18,3,1
18,5,5,7,51.7,1,218,5,0,1
13,6,3,2,51.7,2,24,0,4,1
19,4,0,3,17.8,4,273,15,2,1
17,3,2,2,45.1,2,88,23,7,1
9,5,1,1,41.3,2,295,21,3,1
6,4,6,6,49.6,3,268,10,1,1
13,5,0,2,54.0,3,170,7,0,1
9,3,1,4,42.2,2,159,18,0,1
9,5,2,6,15.3,0,243,9,2,1
13,5,4,6,43.0,0,332,9,5,1
20,1,1,2,27.9,3,387,19,5,1
14,5,4,4,42.4,1,395,7,1,1
17,3,4,6,21.8,4,62,1,8,1
17,1,4,5,10.8,2,271,14,1,1
7,5,4,4,7.7,4,233,25,0,1
15,1,4,4,26.8,0,291,14,4,1
1,3,2,7,3.2,1,301,2,0,1
14,2,5,1,31.1,0,40,15,0,1
10,3,1,7,10.0,3,196,12,7,1
13,3,0,6,53.1,4,73,20,5,1
4,1,4,4,30.5,1,6,24,0,1
10,3,5,6,31.3,4,199,7,3,1
15,2,1,3,12.8,0,21,25,6,1
20,6,0,2,13.7,0,309,1,7,1
20,5,5,7,5.5,0,210,14,3,1
18,1,6,7,43.4,1,262,9,3,1
19,2,4,5,43.2,2,126,9,2,1
17,1,3,3,17.3,4,307,23,2,1
14,4,3,1,53.6,3,273,10,6,1
14,1,2,4,12.6,4,247,7,3,1
10,6,5,2,44.9,0,292,13,6,1
18,4,1,4,15.6,1,174,20,1,1
15,6,2,1,30.9,1,31,8,6,1
20,4,0,7,6.8,4,375,21,8,1
7,3,1,7,50.2,2,12,6,3,1
4,5,6,4,50.6,4,365,6,6,1
8,4,2,7,17.7,3,278,20,5,1
10,2,2,5,48.9,3,55,25,7,1
11,1,2,3,24.5,4,118,23,2,1
1,2,4,5,33.1,3,156,4,3,1
11,1,3,5,46.3,3,286,20,5,1
9,6,6,4,53.3,3,240,5,5,1
6,1,5,5,28.4,4,333,1,8,1
2,6,6,1,52.1,0,396,0,6,1
5,6,5,2,6.5,1,9,6,8,1
15,2,0,5,36.2,4,252,21,7,1
1,0,4,5,24.4,0,276,23,4,1
18,2,0,5,45.3,3,96,3,1,1
17,1,1,2,35.2,2,186,8,6,1
3,2,3,4,32.4,1,158,21,1,1
2,0,3,4,22.6,3,33,20,0,1
6,0,3,7,25.6,2,294,3,8,1
2,1,1,7,39.0,4,248,8,0,1
3,5,2,5,32.3,0,96,10,0,1
7,4,1,7,45.7,3,44,9,2,1
19,1,4,7,47.2,4,174,12,2,1
3,4,5,3,5.8,3,123,2,5,1
20,6,4,5,23.6,2,20,20,4,1
15,3,1,3,31.8,3,226,5,6,1
3,6,4,3,44.5,0,47,8,2,1
13,5,6,6,11.0,3,167,11,1,1
3,0,2,4,21.7,2,57,4,1,1
6,3,3,5,31.8,3,57,0,1,1
12,4,0,5,34.1,2,202,0,4,1
14,3,6,1,40.7,4,129,18,8,1
6,5,3,2,10.2,2,142,15,2,1
3,1,3,3,24.9,3,44,11,4,1
8,5,5,4,33.9,1,239,3,2,1
10,0,3,3,46.8,3,173,14,5,1
14,6,6,7,36.9,4,74,9,5,1
20,5,1,4,19.3,3,168,9,7,1
19,6,1,3,22.6,3,191,3,3,1
19,4,1,6,42.9,0,377,14,3,1
15,6,2,7,39.0,3,349,15,2,1
10,1,2,6,11.0,3,198,2,7,1
20,3,4,4,30.8,3,283,1,5,1
18,4,5,1,8.7,1,341,21,5,1
6,5,4,1,32.3,3,390,10,6,1
4,0,0,3,14.5,4,290,18,3,1
15,2,3,4,43.2,4,358,16,2,1
12,0,3,1,18.4,0,64,23,2,1
12,2,2,4,43.8,4,252,11,7,1
4,3,5,6,26.5,0,158,1,1,1
1,6,2,6,8.7,1,384,7,8,1
6,4,1,3,32.1,3,123,25,6,1
6,1,5,6,25.5,0,382,19,3,1
15,4,3,4,3.2,1,110,8,1,1
19,0,6,7,30.9,2,171,6,7,1
4,2,5,7,28.5,2,310,12,6,1
19,0,2,3,47.0,4,93,21,4,1
20,4,0,6,10.0,0,127,9,1,1
6,2,5,2,29.6,3,310,4,6,1
14,1,3,6,30.9,1,289,5,7,1
10,1,1,3,46.8,4,32,11,0,1
16,1,1,7,23.0,4,263,20,7,1
14,5,3,4,39.9,3,255,5,1,1
19,0,6,7,14.5,0,145,7,8,1
10,1,6,4,32.4,3,286,16,1,1
19,0,2,7,31.2,2,282,24,0,1
15,4,1,4,8.3,1,157,1,7,1
9,2,6,7,7.5,0,126,6,5,1
20,5,3,2,35.0,1,110,25,0,1
19,2,4,3,34.0,1,170,22,4,1
10,4,2,7,29.7,0,74,24,6,1
2,2,6,6,9.6,1,132,4,5,1
8,6,6,6,23.4,1,300,20,4,1
14,3,3,1,35.9,0,211,16,4,1
12,3,3,3,33.3,0,379,14,5,1
3,6,4,4,14.3,3,113,15,4,1
11,6,2,3,31.5,1,294,15,5,1
2,0,0,6,43.8,3,13,3,2,1
15,3,0,4,13.5,1,337,9,2,1
9,0,5,3,16.0,2,345,20,2,1
2,3,5,3,40.8,1,224,20,1,1
4,0,1,4,7.1,4,120,16,7,1
1,0,5,3,45.5,3,360,4,7,1
3,1,3,1,41.0,0,57,10,5,1
10,1,3,7,45.3,1,333,21,2,1
3,4,4,1,34.7,1,230,11,3,1
5,3,4,6,26.0,1,49,3,2,1
4,4,5,4,21.3,3,166,25,2,1
8,2,5,1,15.9,4,312,23,4,1
1,6,6,6,48.5,1,270,19,8,1
7,5,3,3,36.6,1,258,12,1,1
8,3,5,5,6.7,0,189,10,2,1
13,6,6,5,24.9,4,354,5,7,1
3,0,4,1,3.7,1,25,1,6,1
17,2,5,6,29.1,3,221,22,6,1
3,5,4,5,35.0,2,47,9,1,1
17,1,6,2,30.9,3,305,20,1,1
10,5,3,6,52.6,1,34,7,1,1
14,0,3,5,34.7,2,346,23,2,1
4,0,5,2,39.5,1,259,11,8,1
17,6,6,6,16.5,2,69,23,4,1
4,6,0,3,45.0,2,273,2,4,1
19,5,0,4,26.7,2,33,15,2,1
12,1,2,7,8.4,4,350,23,1,1
8,5,4,1,5.3,0,130,1,7,1
12,3,1,2,51.4,0,288,25,6,1
8,2,1,4,50.6,2,143,2,5,1
4,4,5,1,12.3,4,28,12,1,1
15,6,2,7,46.9,2,49,17,7,1
1,2,1,3,32.3,2,383,19,3,1
15,2,4,4,54.9,1,380,17,3,1
5,0,3,1,15.1,2,330,22,0,1
11,0,6,6,22.6,2,58,6,8,1
8,3,3,1,53.6,1,369,8,1,1
2,1,6,5,24.5,2,239,23,1,1
19,0,4,2,36.1,3,43,18,0,1
14,5,1,2,18.2,2,206,22,5,1
11,3,2,2,6.9,1,74,24,1,1
5,0,1,4,27.2,3,66,17,5,1
7,3,2,4,16.8,0,51,5,4,1
20,0,1,7,47.5,1,51,22,3,1
12,3,4,1,38.2,2,94,0,6,1
15,4,5,5,16.0,3,57,25,2,1
4,0,0,7,43.6,1,71,6,6,1
12,5,5,6,7.4,4,137,2,0,1
3,1,5,4,45.1,0,174,3,0,1
15,0,1,5,25.5,3,259,0,6,1
14,1,2,2,50.2,2,148,14,2,1
2,4,4,5,15.8,2,260,13,8,1
16,0,0,3,22.9,3,107,20,8,1
8,5,6,5,44.3,3,370,11,7,1
18,6,3,3,50.5,4,169,12,4,1
6,0,2,5,14.4,2,34,25,7,1
17,2,6,5,55.0,1,56,7,3,1
9,4,6,7,50.7,0,396,7,6,1
12,6,6,2,12.2,4,167,25,5,1
19,0,5,6,21.3,4,293,4,3,1
16,4,2,2,28.5,0,33,7,3,1
1,4,3,1,20.3,4,108,25,2,1
11,5,1,7,46.9,2,35,0,2,1
19,5,1,7,8.8,4,191,2,5,1
13,4,0,3,18.7,1,85,23,6,1
16,5,2,2,39.8,4,360,19,5,1
8,5,4,7,12.1,2,380,22,4,1
5,1,5,1,52.3,4,205,24,0,1
6,4,2,7,53.3,1,332,18,1,1
16,1,2,6,7.0,2,168,5,1,1
11,3,0,3,13.9,0,184,8,1,1
1,0,3,4,41.1,1,216,15,6,1
12,4,3,1,46.1,4,338,24,3,1
6,3,0,7,47.0,2,15,10,4,1
4,0,2,2,49.2,1,379,2,8,1
3,2,4,5,49.4,0,225,20,2,1
20,3,1,1,8.3,1,102,13,8,1
18,2,5,3,18.5,0,30,12,8,1
16,1,0,3,3.2,0,155,21,7,0
7,0,0,2,11.9,2,46,15,1,0
10,6,3,4,28.4,2,51,20,8,1
13,1,2,4,22.2,3,27,8,7,1
15,2,1,7,17.0,0,82,24,1,1
3,5,2,7,31.2,4,121,17,0,1
13,6,4,4,53.2,3,298,7,7,1
10,0,3,7,40.1,4,297,16,2,1
4,6,3,2,52.4,1,113,25,3,1
5,0,3,1,54.4,3,108,20,2,1
20,2,2,6,50.5,0,49,12,8,1
13,4,2,7,17.4,3,11,25,8,1
14,0,3,2,10.7,4,303,24,1,1
4,4,6,1,43.9,4,181,13,4,1
13,5,3,5,34.7,0,93,8,6,1
5,4,4,6,39.1,0,207,10,3,1
2,5,3,3,49.6,0,177,25,4,1
10,2,6,4,47.6,0,121,4,4,1
15,6,6,3,17.0,3,314,20,1,1
7,3,1,7,24.2,3,393,16,5,1
2,4,6,2,6.4,4,211,4,8,1
19,0,1,2,48.5,1,34,7,0,1
15,0,2,6,13.4,2,242,16,6,1
4,5,0,2,22.4,4,233,5,7,1
19,4,2,3,11.5,2,388,22,1,1
10,0,3,1,11.5,4,114,7,3,1
7,2,5,4,29.7,0,247,4,2,1
